epoch,time,train/box_loss,train/cls_loss,train/dfl_loss,metrics/precision(B),metrics/recall(B),metrics/mAP50(B),metrics/mAP50-95(B),val/box_loss,val/cls_loss,val/dfl_loss,lr/pg0,lr/pg1,lr/pg2
1,83.6855,1.16021,1.15884,1.28008,0.66574,0.60285,0.62468,0.37747,1.3579,1.46412,1.54166,0.000664794,0.000664794,0.000664794
2,161.098,1.23083,1.1012,1.32855,0.67386,0.57854,0.63429,0.3973,1.3118,1.54779,1.4822,0.0013051,0.0013051,0.0013051
3,238.527,1.2119,1.06197,1.31888,0.73093,0.623,0.6825,0.43657,1.2821,1.33362,1.44992,0.001919,0.001919,0.001919
4,318.044,1.17173,1.01541,1.29765,0.7302,0.62893,0.69644,0.44782,1.2697,1.25693,1.45266,0.0018812,0.0018812,0.0018812
5,395.638,1.11094,0.94764,1.26104,0.76336,0.65975,0.73622,0.49964,1.17355,1.13216,1.3498,0.0018416,0.0018416,0.0018416
